Company,China,United States,Rest of World
Anthropic,0.0410958904109589,0.589041095890411,0.36986301369863
Alphabet,0.169934640522876,0.457516339869281,0.372549019607843
OpenAI,0.191111111111111,0.495555555555556,0.313333333333333
Alibaba,0.830645161290323,0.120967741935484,0.0483870967741936
DeepSeek,0.845018450184502,0.0664206642066421,0.0885608856088561
Moonshot,0.835205992509363,0.0674157303370787,0.097378277153558
