"Field","Bachelors_FirstYear","Bachelors_LastYear","Bachelors_PctChangeInShare","Masters_FirstYear","Masters_LastYear","Masters_PctChangeInShare","Doctorate_FirstYear","Doctorate_LastYear","Doctorate_PctChangeInShare"
"Architecture and Related Services",5.056,8.103,60.2650316455696,18.085,29.008,60.3981199889411,39.716,49.6,24.8866955383221
"Biological and Biomedical Sciences",2.254,3.11,37.9769299023957,16.227,19.949,22.937080175017,25.027,24.113,-3.65205577975787
"Computer and Information Sciences and Support Services",9.284,8.168,-12.0206807410599,37.499,65.105,73.6179631456839,42.058,56.614,34.609348994246
"Engineering",5.4425,5.412,-0.560404225999081,24.1775,52.4705,117.022024609658,42.672,48.852,14.4825646794151
"Mathematics and Statistics",4.309,17.037,295.381759108842,27.583,56.056,103.226625095167,44.78,51.437,14.8660116123269
"Natural Resources and Conservation",1.178,1.811,53.7351443123939,11.598,16.568,42.852215899293,29.641,26.899,-9.25070004385816
"Physical Sciences",3.731,6.272,68.1050656660413,30.602,28.76,-6.01921443042938,32.843,39.788,21.1460585208416
