"Field","FirstYear","LastYear","PctChangeInShare"
"Agricultural/Animal/Plant/Veterinary Science and Related Fields",29.4786666666667,11.0636666666667,-62.4689040662174
"Architecture and Related Services",20.9523333333333,28.9036666666667,37.9496317037084
"Biological and Biomedical Sciences",14.5026666666667,15.724,8.42143973522111
"Computer and Information Sciences and Support Services",29.6136666666667,43.2956666666667,46.201641134161
"Engineering",30.1553333333333,37.8033333333333,25.3620144584706
"Engineering/Engineering-Related Technologies/Technicians",18.0393333333333,33.353,84.8904246276655
"Mathematics and Statistics",25.5573333333333,41.51,62.4191360601002
"Natural Resources and Conservation",14.139,15.0926666666667,6.74493717141714
"Physical Sciences",22.392,24.94,11.3790639514112
